{
  "source_001_fig7": {
    "N=5": {
      "PINN": {
        "mean": -13.364010291870025,
        "std": 23.188461901709047,
        "min": -66.93604261779039,
        "max": 0.9336349123079384
      },
      "ODE_fit": {
        "mean": 0.9324258908427129,
        "std": 0.05344003352531909,
        "min": 0.8403480556652004,
        "max": 0.9939360977564446
      },
      "RF": {
        "mean": 0.6757452450428787,
        "std": 0.3730728656704677,
        "min": -0.40104410372194876,
        "max": 0.9414090488502996
      }
    },
    "N=10": {
      "PINN": {
        "mean": -2.7849977619933233,
        "std": 8.454491641576494,
        "min": -27.448177843518312,
        "max": 0.8824635236029031
      },
      "ODE_fit": {
        "mean": 0.9692094612286338,
        "std": 0.03669191453570158,
        "min": 0.8922200237210385,
        "max": 0.9975054459139343
      },
      "RF": {
        "mean": 0.8491034961741105,
        "std": 0.2677000008504485,
        "min": 0.05520193060960232,
        "max": 0.9865632200938678
      }
    },
    "N=15": {
      "PINN": {
        "mean": -2.141662558614284,
        "std": 8.904457242807547,
        "min": -28.85163168900561,
        "max": 0.9255047843187917
      },
      "ODE_fit": {
        "mean": 0.9838539077351087,
        "std": 0.030029712122344888,
        "min": 0.900036539187145,
        "max": 0.9987210642785056
      },
      "RF": {
        "mean": 0.8885180100994994,
        "std": 0.2608394944057666,
        "min": 0.11005819426044161,
        "max": 0.9940908696812775
      }
    }
  },
  "source_002_fed": {
    "N=5": {
      "PINN": {
        "mean": 0.24754943961304782,
        "std": 0.2767526823612709,
        "min": -0.1015454996007219,
        "max": 0.62715715358558
      },
      "ODE_fit": {
        "mean": NaN,
        "std": NaN,
        "min": NaN,
        "max": NaN
      },
      "RF": {
        "mean": 0.4574678590409425,
        "std": 0.20868112037999503,
        "min": 0.00876955798160206,
        "max": 0.660762048835
      }
    },
    "N=10": {
      "PINN": {
        "mean": 0.3373317054737207,
        "std": 0.29607359129528754,
        "min": -0.13954458492392496,
        "max": 0.6101272371263856
      },
      "ODE_fit": {
        "mean": NaN,
        "std": NaN,
        "min": NaN,
        "max": NaN
      },
      "RF": {
        "mean": 0.559608091032159,
        "std": 0.10137307081986884,
        "min": 0.36435725686140497,
        "max": 0.7092723672312691
      }
    },
    "N=15": {
      "PINN": {
        "mean": 0.5945306088393485,
        "std": 0.10638894724550105,
        "min": 0.37166793628209804,
        "max": 0.7059254203776232
      },
      "ODE_fit": {
        "mean": NaN,
        "std": NaN,
        "min": NaN,
        "max": NaN
      },
      "RF": {
        "mean": 0.622033389828169,
        "std": 0.10010421193765086,
        "min": 0.4324124055514226,
        "max": 0.7381136772042768
      }
    }
  },
  "source_003_run1": {
    "N=5": {
      "PINN": {
        "mean": 0.37747456362295895,
        "std": 0.4283369291020942,
        "min": -0.5168283744664826,
        "max": 0.865484499953192
      },
      "ODE_fit": {
        "mean": NaN,
        "std": NaN,
        "min": NaN,
        "max": NaN
      },
      "RF": {
        "mean": 0.3875404451423837,
        "std": 0.35470250289142335,
        "min": -0.3987613227320228,
        "max": 0.734947850620715
      }
    },
    "N=10": {
      "PINN": {
        "mean": 0.643772998140635,
        "std": 0.2453463173935418,
        "min": -0.003980757289666403,
        "max": 0.9309153460394165
      },
      "ODE_fit": {
        "mean": NaN,
        "std": NaN,
        "min": NaN,
        "max": NaN
      },
      "RF": {
        "mean": 0.7413664173855281,
        "std": 0.09671870595227537,
        "min": 0.6059388882836936,
        "max": 0.9123197966075514
      }
    },
    "N=15": {
      "PINN": {
        "mean": 0.7772141105118846,
        "std": 0.07633160037960905,
        "min": 0.7072159304022287,
        "max": 0.959393478393303
      },
      "ODE_fit": {
        "mean": NaN,
        "std": NaN,
        "min": NaN,
        "max": NaN
      },
      "RF": {
        "mean": 0.8771977157956214,
        "std": 0.06434802726456278,
        "min": 0.7312785375418738,
        "max": 0.9387142941208528
      }
    }
  },
  "source_003_coating_l1": {
    "N=5": {
      "PINN": {
        "mean": 0.7676785338787131,
        "std": 0.2704440171206413,
        "min": 0.10597905735491453,
        "max": 0.986070490300073
      },
      "ODE_fit": {
        "mean": NaN,
        "std": NaN,
        "min": NaN,
        "max": NaN
      },
      "RF": {
        "mean": 0.5776662071510864,
        "std": 0.39837642448705984,
        "min": -0.35853018559976735,
        "max": 0.9143446161448782
      }
    },
    "N=10": {
      "PINN": {
        "mean": 0.9915641665000745,
        "std": 0.00706320376836447,
        "min": 0.9735938154711152,
        "max": 0.9973703199281228
      },
      "ODE_fit": {
        "mean": NaN,
        "std": NaN,
        "min": NaN,
        "max": NaN
      },
      "RF": {
        "mean": 0.9558400911089004,
        "std": 0.02675539561448069,
        "min": 0.8972400257953818,
        "max": 0.9855426556722298
      }
    },
    "N=15": {
      "PINN": {
        "mean": 0.9959777732962074,
        "std": 0.0020895321300177043,
        "min": 0.9904916269647295,
        "max": 0.9976845018883921
      },
      "ODE_fit": {
        "mean": NaN,
        "std": NaN,
        "min": NaN,
        "max": NaN
      },
      "RF": {
        "mean": 0.9855231411290244,
        "std": 0.006854009240589537,
        "min": 0.9704727666571382,
        "max": 0.9929406235035149
      }
    }
  },
  "source_003_fig11_ref": {
    "N=5": {
      "PINN": {
        "mean": 0.953626834094335,
        "std": 0.04497178882305208,
        "min": 0.866458588741221,
        "max": 0.9943084883457655
      },
      "ODE_fit": {
        "mean": NaN,
        "std": NaN,
        "min": NaN,
        "max": NaN
      },
      "RF": {
        "mean": 0.6715105964205874,
        "std": 0.2373252600471698,
        "min": 0.31793674051913234,
        "max": 0.9404008605752671
      }
    },
    "N=10": {
      "PINN": {
        "mean": 0.9930917326124398,
        "std": 0.002712265021221112,
        "min": 0.9879285322188345,
        "max": 0.9965432230546449
      },
      "ODE_fit": {
        "mean": NaN,
        "std": NaN,
        "min": NaN,
        "max": NaN
      },
      "RF": {
        "mean": 0.9440721704177566,
        "std": 0.030669090033548053,
        "min": 0.8815106039606176,
        "max": 0.9746241360428691
      }
    },
    "N=15": {
      "PINN": {
        "mean": 0.9951704799368901,
        "std": 0.0014402295366949646,
        "min": 0.9912239438277285,
        "max": 0.9965814878736564
      },
      "ODE_fit": {
        "mean": NaN,
        "std": NaN,
        "min": NaN,
        "max": NaN
      },
      "RF": {
        "mean": 0.9751541177620062,
        "std": 0.015827579420572675,
        "min": 0.9456099671092302,
        "max": 0.9931227368261554
      }
    }
  }
}