{
  "source_002_fig5_rf_cba.csv": {
    "label": "Fig.5 Rf E101 CBA",
    "stats": {
      "pre": {
        "n": 35,
        "mean": 2.3401602920390716,
        "std": 0.1366339820344741,
        "min": 2.034460743154092,
        "max": 2.6520300728605197
      },
      "post": {
        "n": 34,
        "mean": 2.0038798551393278,
        "std": 0.4275021353329043,
        "min": 1.5244293624414276,
        "max": 3.479118863639002
      },
      "all": {
        "n": 69,
        "median": 2.2370462662369057,
        "mean": 2.1744568883493427,
        "max": 3.479118863639002,
        "min": 1.5244293624414276
      }
    },
    "cv": 0.16439816241449662,
    "rf_paper_asymptotic": 3.0,
    "unit_raw": "m²·°C/kW",
    "rf_max_si": 0.0034791188636390017
  },
  "source_002_fig5_rf_fed.csv": {
    "label": "Fig.5 Rf E101 FED",
    "stats": {
      "pre": {
        "n": 37,
        "mean": 1.7639777612846692,
        "std": 0.21873856279606965,
        "min": 1.323515413695301,
        "max": 2.3088001423933697
      },
      "post": {
        "n": 33,
        "mean": 1.3401500172304885,
        "std": 0.24289442281667473,
        "min": 0.9074017466404064,
        "max": 1.9948846729789231
      },
      "all": {
        "n": 70,
        "median": 1.593528840461385,
        "mean": 1.5641732533734125,
        "max": 2.3088001423933697,
        "min": 0.9074017466404064
      }
    },
    "cv": 0.19999883461101217,
    "rf_paper_asymptotic": 2.0,
    "unit_raw": "m²·°C/kW",
    "rf_max_si": 0.00230880014239337
  }
}