{
  "source_002_fig5_rf_cba.csv": {
    "label": "Fig.5 Rf E101 CBA",
    "rf_star_raw": 2.345847098552461,
    "tau_raw": 0.5000000000001709,
    "rf_star_si": 0.0023458278236239676,
    "tau_si": 0.5001226533275556,
    "r2": -8.989290346773881,
    "rmse_raw": 0.43184315857657013,
    "mae_raw": 0.18283640485930655,
    "t0_days": 664.912571245052,
    "n_points": 69
  },
  "source_002_fig5_rf_fed.csv": {
    "label": "Fig.5 Rf E101 FED",
    "rf_star_raw": 1.7637928674678123,
    "tau_raw": 0.5000000000000001,
    "rf_star_si": 0.0017637623041903165,
    "tau_si": 0.5000064557755709,
    "r2": -2.5213402888758942,
    "rmse_raw": 0.4104680442823523,
    "mae_raw": 0.2193469047684337,
    "t0_days": 665.127089951594,
    "n_points": 70
  }
}