{
  "source_001_fig7": {
    "PINN_mean": 0.9445045265500369,
    "PINN_std": 0.011206669748032201,
    "ODE_mean": 0.9863694555451806,
    "RF_mean": 0.9690969619157244,
    "RF_std": 0.023428441108105845,
    "PINN_win": 0
  },
  "source_002_cba": {
    "PINN_mean": 0.25837868519559093,
    "PINN_std": 0.20721580738304898,
    "ODE_mean": NaN,
    "RF_mean": 0.5391498262228623,
    "RF_std": 0.0825389159590233,
    "PINN_win": 0
  },
  "source_002_fed": {
    "PINN_mean": 0.6419476986969662,
    "PINN_std": 0.05044066666700376,
    "ODE_mean": NaN,
    "RF_mean": 0.6475431362504,
    "RF_std": 0.054788728212188144,
    "PINN_win": 0
  },
  "source_003_run1": {
    "PINN_mean": 0.7434941642557511,
    "PINN_std": 0.005361761772369187,
    "ODE_mean": NaN,
    "RF_mean": 0.865886684587436,
    "RF_std": 0.04400862659226448,
    "PINN_win": 0
  },
  "source_003_run2": {
    "PINN_mean": 0.5450643174236859,
    "PINN_std": 0.3057560204566461,
    "ODE_mean": NaN,
    "RF_mean": 0.75329667391023,
    "RF_std": 0.11713128344117169,
    "PINN_win": 0
  },
  "source_003_run3": {
    "PINN_mean": 0.7819245408350081,
    "PINN_std": 0.06755715320633363,
    "ODE_mean": NaN,
    "RF_mean": 0.8326397787419559,
    "RF_std": 0.09389177294543259,
    "PINN_win": 0
  },
  "source_003_coating_l1": {
    "PINN_mean": 0.9951916037471529,
    "PINN_std": 0.002861248210381685,
    "ODE_mean": NaN,
    "RF_mean": 0.9754861542197432,
    "RF_std": 0.017067594918598383,
    "PINN_win": 1
  },
  "source_003_coating_l2": {
    "PINN_mean": 0.9949328341065721,
    "PINN_std": 0.003790103929053668,
    "ODE_mean": NaN,
    "RF_mean": 0.9761761155100392,
    "RF_std": 0.011170325700408561,
    "PINN_win": 1
  },
  "source_003_coating_l3": {
    "PINN_mean": 0.9968520964929798,
    "PINN_std": 0.0005316131446030406,
    "ODE_mean": NaN,
    "RF_mean": 0.9923265160746318,
    "RF_std": 0.002470485668001963,
    "PINN_win": 1
  },
  "source_003_coating_ref": {
    "PINN_mean": 0.9930473833475988,
    "PINN_std": 0.0038183487485015885,
    "ODE_mean": NaN,
    "RF_mean": 0.9901248813712012,
    "RF_std": 0.00457665563638016,
    "PINN_win": 1
  },
  "source_003_fig11_ref": {
    "PINN_mean": 0.996334634854362,
    "PINN_std": 0.0004883138580147271,
    "ODE_mean": NaN,
    "RF_mean": 0.9848293041148641,
    "RF_std": 0.008086102312511223,
    "PINN_win": 1
  },
  "source_003_fig11_grit80": {
    "PINN_mean": 0.9939046519611555,
    "PINN_std": 0.0017110945411717463,
    "ODE_mean": NaN,
    "RF_mean": 0.9870725288083996,
    "RF_std": 0.0034197873643417955,
    "PINN_win": 1
  },
  "source_003_fig11_grit220": {
    "PINN_mean": 0.9976659284780155,
    "PINN_std": 0.0002870210919871062,
    "ODE_mean": NaN,
    "RF_mean": 0.987272159833994,
    "RF_std": 0.005079694568041902,
    "PINN_win": 1
  },
  "source_003_fig11_diapro": {
    "PINN_mean": 0.9902445971110364,
    "PINN_std": 0.0023222955198762495,
    "ODE_mean": NaN,
    "RF_mean": 0.9808745799682821,
    "RF_std": 0.005740520893259863,
    "PINN_win": 1
  },
  "source_003_fig13_flat": {
    "PINN_mean": 0.993982404697866,
    "PINN_std": 0.003635806040635662,
    "ODE_mean": NaN,
    "RF_mean": 0.9907355924090325,
    "RF_std": 0.00095459705005987,
    "PINN_win": 1
  },
  "source_003_fig13_pat1": {
    "PINN_mean": 0.9637139706606513,
    "PINN_std": 0.01074969705869016,
    "ODE_mean": NaN,
    "RF_mean": 0.9787523501558969,
    "RF_std": 0.008533405188438137,
    "PINN_win": 0
  },
  "source_003_fig13_pat2": {
    "PINN_mean": 0.9491578636631184,
    "PINN_std": 0.010834549433388208,
    "ODE_mean": NaN,
    "RF_mean": 0.9736400351921901,
    "RF_std": 0.017565127100681966,
    "PINN_win": 0
  },
  "source_003_fig13_pat3": {
    "PINN_mean": 0.8235588369295492,
    "PINN_std": 0.31945837413662714,
    "ODE_mean": NaN,
    "RF_mean": 0.7605933073665936,
    "RF_std": 0.25569565426791824,
    "PINN_win": 1
  }
}