{
  "per_curve": {
    "source_001_fig7": {
      "KS_only": -1329.3049218158533,
      "Multi": 0.9445045265500369,
      "RF": 0.9690969619157244,
      "Delta": 1330.2494263424032
    },
    "source_002_cba": {
      "KS_only": -0.20832122004511894,
      "Multi": 0.26778989869734704,
      "RF": 0.5391498262228623,
      "Delta": 0.476111118742466
    },
    "source_002_fed": {
      "KS_only": 0.20695483119459568,
      "Multi": 0.6419927740338652,
      "RF": 0.6475431362504,
      "Delta": 0.43503794283926955
    },
    "source_003_run1": {
      "KS_only": 0.9214973207312642,
      "Multi": 0.7436168103567372,
      "RF": 0.865886684587436,
      "Delta": -0.177880510374527
    },
    "source_003_run2": {
      "KS_only": 0.8331006102175706,
      "Multi": 0.5462325232425576,
      "RF": 0.75329667391023,
      "Delta": -0.2868680869750131
    },
    "source_003_run3": {
      "KS_only": 0.8360464908912864,
      "Multi": 0.7842905861224014,
      "RF": 0.8326397787419559,
      "Delta": -0.05175590476888492
    },
    "source_003_coating_l1": {
      "KS_only": 0.9945116135087865,
      "Multi": 0.9954000560467122,
      "RF": 0.9754861542197432,
      "Delta": 0.0008884425379257488
    },
    "source_003_coating_l2": {
      "KS_only": 0.9958992029280616,
      "Multi": 0.9949325526667907,
      "RF": 0.9761761155100392,
      "Delta": -0.0009666502612708516
    },
    "source_003_coating_l3": {
      "KS_only": 0.9968747227106395,
      "Multi": 0.9968393612802414,
      "RF": 0.9923265160746318,
      "Delta": -3.5361430398062055e-05
    },
    "source_003_coating_ref": {
      "KS_only": 0.9971842011852553,
      "Multi": 0.9930560339657803,
      "RF": 0.9901248813712012,
      "Delta": -0.004128167219474954
    },
    "source_003_fig11_ref": {
      "KS_only": 0.9939831754596433,
      "Multi": 0.9963206291279711,
      "RF": 0.9848293041148641,
      "Delta": 0.002337453668327827
    },
    "source_003_fig11_grit80": {
      "KS_only": 0.9933961952222269,
      "Multi": 0.993938526659338,
      "RF": 0.9870725288083996,
      "Delta": 0.0005423314371111321
    },
    "source_003_fig11_grit220": {
      "KS_only": 0.9969804315960651,
      "Multi": 0.997657745258387,
      "RF": 0.987272159833994,
      "Delta": 0.0006773136623219322
    },
    "source_003_fig11_diapro": {
      "KS_only": 0.9900599608279567,
      "Multi": 0.9902344395574053,
      "RF": 0.9808745799682821,
      "Delta": 0.00017447872944864606
    },
    "source_003_fig13_flat": {
      "KS_only": 0.9950666640587909,
      "Multi": 0.9941053868098584,
      "RF": 0.9907355924090325,
      "Delta": -0.0009612772489324684
    },
    "source_003_fig13_pat1": {
      "KS_only": 0.9832631475326149,
      "Multi": 0.9638401623145068,
      "RF": 0.9787523501558969,
      "Delta": -0.019422985218108146
    },
    "source_003_fig13_pat2": {
      "KS_only": 0.977760612014482,
      "Multi": 0.9491002413608987,
      "RF": 0.9736400351921901,
      "Delta": -0.02866037065358329
    },
    "source_003_fig13_pat3": {
      "KS_only": 0.8021686693497514,
      "Multi": 0.8235026409978857,
      "RF": 0.7605933073665936,
      "Delta": 0.02133397164813433
    }
  },
  "summary": {
    "n_multi_wins": 4,
    "n_ks_wins": 4,
    "n_tie": 10,
    "mean_delta": 73.92310278230656
  }
}